Zip Code,Community / Communities,2019 (Estimates)*,2010,2000
90001,"Los Angeles (South Los Angeles), Florence-Graham",59832,57110,54481
90002,"Los Angeles (Southeast Los Angeles, Watts)",53302,51223,44584
90003,"Los Angeles (South Los Angeles, Southeast Los Angeles)",73730,66266,58187
90004,"Los Angeles (Hancock Park, Rampart Village, Virgil Village, Wilshire Center, Windsor Square)",60541,62180,67850
90005,"Los Angeles (Hancock Park, Koreatown, Wilshire Center, Wilshire Park, Windsor Square)",39732,37681,43014
90006,"Los Angeles (Byzantine-Latino Quarter, Harvard Heights, Koreatown, Pico Heights)",59576,59185,62765
90007,"Los Angeles (Southeast Los Angeles, Univerity Park)",42433,40920,45021
90008,"Los Angeles (Baldwin Hills, Crenshaw, Leimert Park)",31754,32327,30840
90010,"Los Angeles (Hancock Park, Wilshire Center, Windsor Square)",3822,3800,1943
90011,Los Angeles (Southeast Los Angeles),111165,103892,101214
90012,"Los Angeles (Downtown Civic Center, Chinatown, Arts District, Bunker Hill, Historic Core, Little Tokyo)",36552,31103,30577
90013,"Los Angeles (Downtown Central, Downtown Fashion District)",12559,11772,9727
90014,"Los Angeles (Downtown Historic Core, Arts District)",8688,7005,3518
90015,"Los Angeles (Dowtown Fashion District, South Park-South)",22651,18986,15134
90016,Los Angeles (West Adams),45899,47596,46968
90017,"Los Angeles (Downtown Bunker Hill, City West, South Park-North)",27723,23768,20689
90018,"Los Angeles (Jefferson Park, Leimert Park)",53490,49310,47127
90019,"Los Angeles (Arlington Heights, Country Club Park, Mid-City)",64534,64458,67510
90020,"Los Angeles (Hancock Park, Western Wilton, Wilshire Center, Windsor Square)",39189,38967,42383
90021,"Los Angeles (Downtown Fashion District, Downtown Southeast)",2945,3951,3003
90022,East Los Angeles,67014,67179,68688
90023,"Commerce, East Los Angeles",46680,45903,47468
90024,Los Angeles (Westwood),51627,47452,44141
90025,"Los Angeles (Sawtelle, West Los Angeles)",46883,42147,41170
90026,"Los Angeles (Echo Park, Silver Lake)",68906,67869,73671
90027,"Los Angeles (Griffith Park, Hollywood, Los Feliz)",44770,45151,48715
90028,Los Angeles (Hollywood),29774,28714,30562
90029,Los Angeles (East Hollywood),36668,38617,41697
90031,"Los Angeles (Lincoln Heights, Montecito Heights)",39916,39316,38409
90032,"Los Angeles (El Sereno, Monterey Hills, University Hills)",48031,45786,46942
90033,Los Angeles (Boyle Heights),49155,48852,49418
90034,Los Angeles (Palms),53861,57964,58199
90035,Los Angeles (West Fairfax),27272,28418,27792
90036,"Los Angeles (Fairfax, Melrose, Miracle Mile, Park La Brea, Wilshire-La Brea)",37965,36865,32885
90037,Los Angeles (South Los Angeles),67640,62276,56691
90038,Los Angeles (Hollywood),28580,28917,32557
90039,"Los Angeles (Atwater Village, Elysian Valley, Silver Lake)",29510,28514,29306
90040,"Commerce, City of",12328,12520,9798
90041,Los Angeles (Eagle Rock),29090,27425,27864
90042,Los Angeles (Highland Park),63193,62430,64660
90043,"Los Angeles (Hyde Park, View Park, Windsor Hills)",45873,44789,44761
90044,"Athens, Los Angeles (South Los Angeles)",99443,89779,87366
90045,"Los Angeles (Los Angeles International Airport, Westchester)",40567,39480,39315
90046,"Los Angeles (Hollywood), West Hollywood",50900,48581,49831
90047,Los Angeles (South Los Angeles),51411,48606,47105
90048,"Los Angeles (Mid-City West), West Hollywood",21489,21397,21724
90049,"Los Angeles (Bel Air Estates, Brentwood)",36418,35482,33520
90056,Ladera Heights,7649,7827,8108
90057,Los Angeles (Westlake),50152,44998,43986
90058,"Los Angeles (Southeast Los Angeles), Vernon",2718,3223,3624
90059,"Los Angeles (Southeast Los Angeles, Watts), Willowbrook",46185,40952,38123
90061,Los Angeles (South Los Angeles),27873,26872,24503
90062,Los Angeles (South Los Angeles),35916,32821,29279
90063,"City Terrace, Los Angeles (Boyle Heights)",53980,55758,55666
90064,"Los Angeles (Cheviot Hills, Rancho Park)",25925,25403,24489
90065,"Los Angeles (Cypress Park, Glassell Park, Mt Washington)",46461,45527,47524
90066,"Culver City, Los Angeles (Mar Vista)",59167,55277,55194
90067,Los Angeles (Century City),2428,2424,2524
90068,Los Angeles (Hollywood),21092,22286,21713
90069,"Los Angeles (Hollywood, Melrose), West Hollywood",20230,20483,20395
90071,"Los Angeles (Downtown Bunker Hill, City West, Historic Core, South Park-North)",126,15,6
90073,Veterans Administration,953,539,No Data
90077,"Los Angeles (Bel Air Estates, Beverly Glen)",8382,9377,10465
90079,"Los Angeles (Downtown Central, Downtown Fashion District)",0,0,No Data
90089,Los Angeles (University of Southern California),3786,3217,No Data
90090,Los Angeles (Los Angeles Dodgers),0,0,No Data
90094,Los Angeles (Playa Vista),9827,5464,No Data
90095,Los Angeles (University of California Los Angeles),0,3,No Data
90201,"Bell, Bell Gardens, Cudahy",101965,101279,105275
90210,Beverly Hills,19314,21741,21396
90211,Beverly Hills,8019,8434,8313
90212,Beverly Hills,13314,11555,11347
90220,"Compton, Rancho Dominguez",52817,49328,47303
90221,"Compton, East Rancho Dominguez",51688,53704,51382
90222,"Compton, Rosewood, Willowbrook",33200,31869,29823
90230,Culver City,32687,31766,31945
90232,Culver City,14780,15149,15175
90240,Downey,26413,25876,24891
90241,Downey,43215,42399,40138
90242,Downey,42694,43497,42444
90245,El Segundo,16731,16654,16033
90247,Gardena,48293,47487,47741
90248,Gardena,11607,9947,9944
90249,Gardena,26429,26669,26433
90250,Hawthorne (Holly Park),97072,93193,93314
90254,Hermosa Beach,19539,19506,18682
90255,"Huntington Park, Walnut Park",75019,75066,78104
90260,Lawndale,34827,34924,33299
90262,Lynwood,70536,69745,69830
90263,Malibu (Pepperdine University),1838,1612,2
90265,Malibu,17954,18116,19614
90266,Manhattan Beach,35500,35135,33742
90270,"Bell, Maywood",27287,27372,28083
90272,"Los Angeles (Castellemare, Pacific Highlands, Pacific Palisades, Topanga State Park)",21629,22986,22538
90274,"Palos Verdes Estates, Rolling Hills, Rolling Hills Estates",25061,25209,24976
90275,"Palos Verdes Estates, Rancho Palos Verdes, Rolling Hills Estates",42146,41804,41261
90277,"Redondo Beach, Torrance",34827,35293,34174
90278,"Redondo Beach, Torrance",40252,40071,37316
90280,South Gate,94642,94396,96260
90290,Topanga,5681,6368,5441
90291,Los Angeles (Venice),26950,28341,31018
90292,"Los Angeles (Marina Peninsula), Marina del Rey",23549,21576,18057
90293,Los Angeles (Playa del Rey),12728,12132,11252
90301,Inglewood,38234,36568,37507
90302,Inglewood,30017,29415,30770
90303,Inglewood,24374,26176,27773
90304,"Inglewood, Lennox",25946,28210,28679
90305,Inglewood,15042,14853,13763
90401,Santa Monica (Downtown),7111,6722,5201
90402,Santa Monica,11882,12250,11492
90403,Santa Monica,23902,24525,23556
90404,Santa Monica,22929,21360,19956
90405,"Santa Monica (Ocean Park, Santa Monica Airport, Sunpark)",28156,27186,26089
90501,Torrance,41975,43180,40697
90502,"Torrance, West Carson",17778,18010,17038
90503,Torrance,44605,44383,41970
90504,Torrance,33410,32102,31664
90505,Torrance,37220,36678,34855
90506,Torrance (Camino College),0,0,No Data
90601,"City of Industry, Whittier",32053,31974,32039
90602,Whittier,25581,25777,26253
90603,Whittier,21584,20063,19101
90604,"East La Mirada, South Whittier, ",42911,39407,37869
90605,"South Whittier, Whittier",40192,40331,38180
90606,"Los Nietos, West Whittier",32987,32396,32143
90631,La Habra Heights,69064,67619,67353
90638,La Mirada,49227,49012,47548
90640,Montebello,62730,62549,62416
90650,Norwalk,105304,105549,103211
90660,Pico Rivera,63001,62928,63277
90670,Santa Fe Springs,16700,14866,16263
90701,Artesia,16801,16591,16380
90703,Cerritos,50589,49399,51542
90704,"Avalon, Santa Catalina Island, Two Harbors (PO Boxes)",3979,4090,3696
90706,Bellflower,77195,76615,72878
90710,Los Angeles (Harbor City),28045,25457,24640
90712,Lakewood,31217,31499,30171
90713,Lakewood,28202,27925,27549
90715,Lakewood,20256,20388,20884
90716,Hawaiian Gardens,14285,14184,14850
90717,Lomita,21508,21318,21060
90723,Paramount,54513,54099,55305
90731,"Los Angeles (San Pedro, Terminal Island)",60659,59662,58622
90732,"Los Angeles (San Pedro), Rancho Palos Verdes",22780,21115,21264
90740,Long Beach (overlaps Orange County),24307,23729,24177
90744,Los Angeles (Wilmington),56880,53815,53308
90745,Carson,56930,57251,55473
90746,Carson,27075,25990,25561
90747,Carson (California State Univ Dominguez Hills),0,0,No Data
90755,Signal Hill,11545,11074,No Data
90802,Long Beach,38962,39347,38419
90803,"Long Beach (Belmont Shore, Marina, Naples)",32126,32031,31349
90804,Long Beach (East Long Beach),39239,40311,43466
90805,Long Beach (North Long Beach),95995,93524,91663
90806,Long Beach,41990,42399,49641
90807,Long Beach (Bixby Knolls),32202,31481,31549
90808,Long Beach,39330,38232,37403
90810,"Carson, Dominguez, Long Beach",37251,36735,35637
90813,Long Beach,58380,58911,63129
90814,Long Beach,19685,19131,19014
90815,Long Beach,41312,39733,38892
90822,Long Beach,133,117,422
91001,Altadena,37818,36126,36235
91006,Arcadia,32958,31715,30010
91007,Arcadia,34116,34095,30925
91008,Bradbury,1084,1391,No Data
91010,"Azusa, Bradbury, Duarte, Irwindale, Monrovia",26380,26074,27400
91011,La Cañada Flintridge,20301,20280,20187
91016,Monrovia,41105,40598,41050
91020,Montrose,8633,8415,7515
91024,Sierra Madre,10932,10917,10545
91030,South Pasadena,25637,25616,23975
91040,"Los Angeles (Shadow Hills, Sunland)",20049,20372,18748
91042,Los Angeles (Tujunga),26966,27585,26738
91046,Glendale (Verdugo City),158,156,No Data
91101,Pasadena,21395,20460,16809
91103,Pasadena,27659,27480,27887
91104,Pasadena,37874,36751,38449
91105,Pasadena,12617,11254,10245
91106,Pasadena,25543,24229,23725
91107,Pasadena,32503,32940,32360
91108,San Marino,13375,13361,13149
91201,Glendale,23281,22781,23978
91202,Glendale,23345,22830,21971
91203,Glendale,15410,13220,14479
91204,Glendale (Tropico),18723,16032,16997
91205,Glendale (Tropico),37638,37810,41381
91206,Glendale,34739,33065,31284
91207,Glendale,11031,10506,9852
91208,Glendale,15860,16245,16909
91210,"Glendale (Glendale Galleria, Americana at Brand)",529,328,No Data
91214,"Glendale, La Crescenta, Montrose",30787,30356,29101
91301,"Agoura Hills, Cornell",26334,25488,25302
91302,"Calabasas, Hidden Hills, Monte Nido",26712,25709,23644
91303,Los Angeles (Canoga Park),31586,26855,23508
91304,"Los Angeles (Canoga Park, West Hills), Box Canyon",54361,50231,49226
91306,Los Angeles (Winnetka),49678,45061,43846
91307,"Los Angeles (West Hills), Bell Canyon",26341,24474,23622
91311,Los Angeles (Chatsworth),40839,36557,35317
91316,Los Angeles (Encino),30499,26898,27595
91321,Santa Clarita (Newhall),34014,34882,30727
91324,Los Angeles (Northridge),29670,27669,25731
91325,Los Angeles (Northridge),34575,32417,32300
91326,"Los Angeles (Northridge, Porter Ranch)",36339,33708,28049
91330,Los Angeles (California State Univ Northridge),3257,2702,No Data
91331,"Los Angeles (Arleta, Hansen Hills, Pacoima)",105458,103689,97300
91335,Los Angeles (Reseda),81824,74363,68002
91340,"San Fernando, Los Angeles (Mission Hills, Pacoima)",36156,34188,33373
91342,"Los Angeles (Lake View Terrace, Sylmar), Kagel Canyon",94595,91725,81970
91343,Los Angeles (North Hills),66743,60254,57001
91344,Los Angeles (Granada Hills),53613,51747,48863
91345,Los Angeles (Mission Hills),19145,18496,17102
91350,"Bouquet Canyon, Green Valley, Mint Canyon, Santa Clarita (Canyon County)",36173,33348,40069
91351,Santa Clarita (Canyon Country),32711,32362,59257
91352,"Los Angeles (La Tuna Canyon, Sun Valley)",47076,47807,46624
91354,Santa Clarita (Valencia),32544,28722,17841
91355,Santa Clarita (Valencia),30526,32605,24970
91356,Los Angeles (Tarzana),29822,29458,27407
91361,Westlake Village,20258,20438,18724
91362,Westlake Village,36604,36045,33039
91364,Los Angeles (Woodland Hills),27971,25851,25985
91367,Los Angeles (Woodland Hills),45970,39499,36106
91371,"Los Angeles (Pierce College), Calabasas",0,1,No Data
91381,Stevenson Ranch,19390,20158,9919
91384,"Castaic, Val Verde",29212,29855,22173
91387,"Santa Clarita (Canyon Country), Fair Oaks Ranch, Mint Canyon",42034,40328,No Data
91390,"Agua Dulce, Green Valley, Santa Clarita (Saugus)",19168,19786,No Data
91401,"Los Angeles (Valley Glen, Van Nuys)",39755,39285,40372
91402,Los Angeles (Panorama City),72059,69817,66241
91403,"Los Angeles (Sherman Oaks, Van Nuys)",25156,23484,22079
91405,Los Angeles (Valley Glen),55506,51145,51344
91406,"Los Angeles (Lake Balboa, Van Nuys)",54890,51558,50041
91411,Los Angeles (Van Nuys),26111,24628,23641
91423,"Los Angeles (Sherman Oaks, Van Nuys)",33172,30991,29370
91436,Los Angeles (Encino),15292,14372,13109
91501,Burbank,20511,20849,18096
91502,Burbank,10708,11371,11500
91504,Burbank (Glenoaks),26749,24939,25872
91505,Burbank,30902,30778,29235
91506,Burbank,18591,18904,18530
91601,"Los Angeles (North Hollywood, Toluca Terrace)",36841,37180,36616
91602,"Los Angeles (North Hollywood, Studio City, Toluca Lake, West Toluca Lake)",19672,17473,16978
91604,"Los Angeles (North Hollywood, Studio City)",32910,29034,26137
91605,Los Angeles (North Hollywood),53113,56343,57129
91606,"Los Angeles (North Hollywood, Valley Glen)",44295,44958,45348
91607,"Los Angeles (North Hollywood, Sherman Village, Valley Glen, Valley Village)",30611,27927,27439
91608,Universal City,21,0,0
91702,"Azusa, Irwindale",62066,59705,57765
91706,"Baldwin Park, Irwindale",76930,76571,76889
91711,Claremont,36777,35705,34715
91722,Covina,34631,34409,33803
91723,Covina,18521,18275,17552
91724,"Charter Oak, Covina",26717,26184,25062
91731,El Monte,30222,29591,30206
91732,El Monte,62905,61386,62659
91733,"El Monte, South El Monte",45365,43896,45640
91740,Glendora,25877,25356,25117
91741,Glendora,26794,25824,24967
91744,"City of Industry, La Puente, Valinda",85421,85040,84950
91745,Hacienda Heights,55202,54013,53682
91746,"Avocado Heights, Bassett, West Puente Valley",29709,30485,30795
91748,"City of Industry, Rowland Heights",47079,45406,46324
91750,La Verne,34129,33249,35512
91754,Monterey Park,33636,32742,33263
91755,Monterey Park,26803,27496,26925
91759,Mount Baldy (Portion in LA County),307,476,35
91765,Diamond Bar,46593,46457,46520
91766,Pomona (Phillips Ranch),72348,71599,69968
91767,Pomona,50606,48068,46614
91768,Pomona,35191,34537,36047
91770,Rosemead,62703,62097,61605
91773,San Dimas,34007,33119,33865
91775,San Gabriel,25004,23988,23426
91776,San Gabriel,38664,38475,38032
91780,Temple City,35133,34332,32714
91789,"City of Industry, Diamond Bar, Walnut",44440,43079,45106
91790,West Covina,45444,44907,44085
91791,West Covina,33397,32414,30442
91792,West Covina,29619,30854,31620
91801,Alhambra,54768,52735,54381
91803,Alhambra,29567,30322,30629
93510,Acton,7644,7993,7813
93532,"Elizabeth Lake, Lake Hughes, Leona Valley, Sandberg, Three Points",2683,2932,2760
93534,Lancaster,39367,39341,35104
93535,"Hi Vista, Lake Los Angeles, Lancaster, Roosevelt Corner, Wilsona Gardens",74264,72046,57791
93536,"Del Sur, Fairmont, Lancaster, Metler Valley, Neenach, Quartz Hill",70237,70918,49303
93543,"Juniper Hills, Littlerock, Sun Village",14392,13033,11184
93544,"Crystalaire, Llano",1164,1259,1201
93550,"Lake Los Angeles, Palmdale",77506,74929,67213
93551,"City Ranch, Leona Valley, Palmdale",50601,50798,34036
93552,Palmdale,39905,38158,25359
93553,"Juniper Hills, Pearblossom",1709,2138,1600
93563,"Pearblossom, Valyermo",357,388,406
93591,"Lake Los Angeles, Palmdale",6744,7285,6775
